{"v":"5.6.3","fr":30,"ip":0,"op":90,"w":512,"h":512,"nm":"logo1","ddd":0,"assets":[],"layers":[{"ddd":0,"ind":1,"ty":4,"nm":"Кривые Слой 8","sr":1,"ks":{"o":{"a":0,"k":100,"ix":11},"r":{"a":0,"k":0,"ix":10},"p":{"a":0,"k":[256.6,239.11,0],"ix":2},"a":{"a":0,"k":[138.375,194.09,0],"ix":1},"s":{"a":0,"k":[56.554,56.554,100],"ix":6}},"ao":0,"shapes":[{"ty":"gr","it":[{"ind":0,"ty":"sh","ix":1,"ks":{"a":0,"k":{"i":[[-0.7,0.27],[0,0],[19.89,-3.93],[16.75,0],[16.26,5.31],[4.38,4.06],[0,45.55],[0,0],[0,0],[0,0],[0,0],[0,0],[0,0],[0,0],[0,0],[0,0],[0,0],[0,0],[0,0],[-7.63,-11.941],[-13.5,-2.42],[-8.699,-1.99],[-1.18,-0.209],[0,0],[-6.56,0],[-4.89,0.39],[-0.159,0.01],[-7.6,1.59],[-9.839,3.71]],"o":[[0,0],[-14.07,7.14],[-19.911,3.94],[-21.82,0],[-5.25,-3.21],[-21.4,-19.82],[0,0],[0,0],[0,0],[0,0],[0,0],[0,0],[0,0],[0,0],[0,0],[0,0],[0,0],[0,0],[0,20.68],[5.46,8.54],[5.01,4.81],[1.121,0.26],[0,0],[5.321,0.951],[4.929,0],[0.16,-0.02],[7.691,-0.62],[9.979,-2.071],[0.701,-0.26]],"v":[[138.125,130.37],[138.125,171.32],[87.185,187.93],[32.195,193.84],[-24.915,185.88],[-39.365,174.97],[-71.455,76.92],[-71.455,-81.14],[-95.285,-81.14],[-95.285,-91.99],[-138.125,-91.99],[-13.595,-193.84],[-13.595,-152.56],[10.235,-152.56],[10.235,-141.7],[117.024,-141.7],[117.024,-91.99],[-13.595,-91.99],[-13.595,66.07],[-2.145,115],[26.295,131.45],[46.854,141.65],[50.305,142.349],[50.314,142.349],[68.135,143.769],[82.875,143.19],[83.354,143.15],[106.295,139.84],[136.024,131.17]],"c":true},"ix":2},"nm":"Контур 1","mn":"ADBE Vector Shape - Group","hd":false},{"ty":"fl","c":{"a":0,"k":[0,0,0,1],"ix":4},"o":{"a":0,"k":100,"ix":5},"r":1,"bm":0,"nm":"Заливка 1","mn":"ADBE Vector Graphic - Fill","hd":false},{"ty":"tr","p":{"a":0,"k":[138.375,194.09],"ix":2},"a":{"a":0,"k":[0,0],"ix":1},"s":{"a":0,"k":[100,100],"ix":3},"r":{"a":0,"k":0,"ix":6},"o":{"a":0,"k":100,"ix":7},"sk":{"a":0,"k":0,"ix":4},"sa":{"a":0,"k":0,"ix":5},"nm":"Преобразовать"}],"nm":"Группа 1","np":2,"cix":2,"bm":0,"ix":1,"mn":"ADBE Vector Group","hd":false}],"ip":75,"op":90,"st":60,"bm":0},{"ddd":0,"ind":2,"ty":4,"nm":"Кривые Слой 7","sr":1,"ks":{"o":{"a":0,"k":100,"ix":11},"r":{"a":0,"k":0,"ix":10},"p":{"a":0,"k":[256.6,239.11,0],"ix":2},"a":{"a":0,"k":[138.375,194.09,0],"ix":1},"s":{"a":0,"k":[56.554,56.554,100],"ix":6}},"ao":0,"shapes":[{"ty":"gr","it":[{"ind":0,"ty":"sh","ix":1,"ks":{"a":0,"k":{"i":[[-0.7,0.27],[0,0],[19.89,-3.93],[16.75,0],[16.26,5.31],[4.38,4.06],[0,45.55],[0,0],[0,0],[0,0],[0,0],[0,0],[0,0],[0,0],[0,0],[0,0],[0,0],[0,0],[0,0],[-7.63,-11.941],[-13.5,-2.42],[-8.699,-1.99],[-1.18,-0.209],[0,0],[-6.56,0],[-4.89,0.39],[-0.159,0.01],[-7.6,1.59],[-9.839,3.71]],"o":[[0,0],[-14.07,7.14],[-19.911,3.94],[-21.82,0],[-5.25,-3.21],[-21.4,-19.82],[0,0],[0,0],[0,0],[0,0],[0,0],[0,0],[0,0],[0,0],[0,0],[0,0],[0,0],[0,0],[0,20.68],[5.46,8.54],[5.01,4.81],[1.121,0.26],[0,0],[5.321,0.951],[4.929,0],[0.16,-0.02],[7.691,-0.62],[9.979,-2.071],[0.701,-0.26]],"v":[[138.125,130.37],[138.125,171.32],[87.185,187.93],[32.195,193.84],[-24.915,185.88],[-39.365,174.97],[-71.455,76.92],[-71.455,-81.14],[-95.285,-81.14],[-95.285,-91.99],[-138.125,-91.99],[-13.595,-193.84],[-13.595,-152.56],[10.235,-152.56],[10.235,-141.7],[117.024,-141.7],[117.024,-91.99],[-13.595,-91.99],[-13.595,66.07],[-2.145,115],[26.295,131.45],[46.854,141.65],[50.305,142.349],[50.314,142.349],[68.135,143.769],[82.875,143.19],[83.354,143.15],[106.295,139.84],[136.024,131.17]],"c":true},"ix":2},"nm":"Контур 1","mn":"ADBE Vector Shape - Group","hd":false},{"ty":"fl","c":{"a":0,"k":[0,0,0,1],"ix":4},"o":{"a":0,"k":100,"ix":5},"r":1,"bm":0,"nm":"Заливка 1","mn":"ADBE Vector Graphic - Fill","hd":false},{"ty":"tr","p":{"a":0,"k":[138.375,194.09],"ix":2},"a":{"a":0,"k":[0,0],"ix":1},"s":{"a":0,"k":[100,100],"ix":3},"r":{"a":0,"k":0,"ix":6},"o":{"a":0,"k":100,"ix":7},"sk":{"a":0,"k":0,"ix":4},"sa":{"a":0,"k":0,"ix":5},"nm":"Преобразовать"}],"nm":"Группа 1","np":2,"cix":2,"bm":0,"ix":1,"mn":"ADBE Vector Group","hd":false}],"ip":51,"op":66,"st":36,"bm":0},{"ddd":0,"ind":3,"ty":4,"nm":"Кривые Слой 6","sr":1,"ks":{"o":{"a":0,"k":100,"ix":11},"r":{"a":0,"k":0,"ix":10},"p":{"a":0,"k":[256.6,239.11,0],"ix":2},"a":{"a":0,"k":[138.375,194.09,0],"ix":1},"s":{"a":0,"k":[56.554,56.554,100],"ix":6}},"ao":0,"shapes":[{"ty":"gr","it":[{"ind":0,"ty":"sh","ix":1,"ks":{"a":0,"k":{"i":[[-0.7,0.27],[0,0],[19.89,-3.93],[16.75,0],[16.26,5.31],[4.38,4.06],[0,45.55],[0,0],[0,0],[0,0],[0,0],[0,0],[0,0],[0,0],[0,0],[0,0],[0,0],[0,0],[0,0],[-7.63,-11.941],[-13.5,-2.42],[-8.699,-1.99],[-1.18,-0.209],[0,0],[-6.56,0],[-4.89,0.39],[-0.159,0.01],[-7.6,1.59],[-9.839,3.71]],"o":[[0,0],[-14.07,7.14],[-19.911,3.94],[-21.82,0],[-5.25,-3.21],[-21.4,-19.82],[0,0],[0,0],[0,0],[0,0],[0,0],[0,0],[0,0],[0,0],[0,0],[0,0],[0,0],[0,0],[0,20.68],[5.46,8.54],[5.01,4.81],[1.121,0.26],[0,0],[5.321,0.951],[4.929,0],[0.16,-0.02],[7.691,-0.62],[9.979,-2.071],[0.701,-0.26]],"v":[[138.125,130.37],[138.125,171.32],[87.185,187.93],[32.195,193.84],[-24.915,185.88],[-39.365,174.97],[-71.455,76.92],[-71.455,-81.14],[-95.285,-81.14],[-95.285,-91.99],[-138.125,-91.99],[-13.595,-193.84],[-13.595,-152.56],[10.235,-152.56],[10.235,-141.7],[117.024,-141.7],[117.024,-91.99],[-13.595,-91.99],[-13.595,66.07],[-2.145,115],[26.295,131.45],[46.854,141.65],[50.305,142.349],[50.314,142.349],[68.135,143.769],[82.875,143.19],[83.354,143.15],[106.295,139.84],[136.024,131.17]],"c":true},"ix":2},"nm":"Контур 1","mn":"ADBE Vector Shape - Group","hd":false},{"ty":"fl","c":{"a":0,"k":[0,0,0,1],"ix":4},"o":{"a":0,"k":100,"ix":5},"r":1,"bm":0,"nm":"Заливка 1","mn":"ADBE Vector Graphic - Fill","hd":false},{"ty":"tr","p":{"a":0,"k":[138.375,194.09],"ix":2},"a":{"a":0,"k":[0,0],"ix":1},"s":{"a":0,"k":[100,100],"ix":3},"r":{"a":0,"k":0,"ix":6},"o":{"a":0,"k":100,"ix":7},"sk":{"a":0,"k":0,"ix":4},"sa":{"a":0,"k":0,"ix":5},"nm":"Преобразовать"}],"nm":"Группа 1","np":2,"cix":2,"bm":0,"ix":1,"mn":"ADBE Vector Group","hd":false}],"ip":25,"op":40,"st":10,"bm":0},{"ddd":0,"ind":4,"ty":4,"nm":"Кривые Слой 5","sr":1,"ks":{"o":{"a":0,"k":100,"ix":11},"r":{"a":0,"k":0,"ix":10},"p":{"a":0,"k":[256.6,239.11,0],"ix":2},"a":{"a":0,"k":[138.375,194.09,0],"ix":1},"s":{"a":0,"k":[56.554,56.554,100],"ix":6}},"ao":0,"shapes":[{"ty":"gr","it":[{"ind":0,"ty":"sh","ix":1,"ks":{"a":0,"k":{"i":[[-0.7,0.27],[0,0],[19.89,-3.93],[16.75,0],[16.26,5.31],[4.38,4.06],[0,45.55],[0,0],[0,0],[0,0],[0,0],[0,0],[0,0],[0,0],[0,0],[0,0],[0,0],[0,0],[0,0],[-7.63,-11.941],[-13.5,-2.42],[-8.699,-1.99],[-1.18,-0.209],[0,0],[-6.56,0],[-4.89,0.39],[-0.159,0.01],[-7.6,1.59],[-9.839,3.71]],"o":[[0,0],[-14.07,7.14],[-19.911,3.94],[-21.82,0],[-5.25,-3.21],[-21.4,-19.82],[0,0],[0,0],[0,0],[0,0],[0,0],[0,0],[0,0],[0,0],[0,0],[0,0],[0,0],[0,0],[0,20.68],[5.46,8.54],[5.01,4.81],[1.121,0.26],[0,0],[5.321,0.951],[4.929,0],[0.16,-0.02],[7.691,-0.62],[9.979,-2.071],[0.701,-0.26]],"v":[[138.125,130.37],[138.125,171.32],[87.185,187.93],[32.195,193.84],[-24.915,185.88],[-39.365,174.97],[-71.455,76.92],[-71.455,-81.14],[-95.285,-81.14],[-95.285,-91.99],[-138.125,-91.99],[-13.595,-193.84],[-13.595,-152.56],[10.235,-152.56],[10.235,-141.7],[117.024,-141.7],[117.024,-91.99],[-13.595,-91.99],[-13.595,66.07],[-2.145,115],[26.295,131.45],[46.854,141.65],[50.305,142.349],[50.314,142.349],[68.135,143.769],[82.875,143.19],[83.354,143.15],[106.295,139.84],[136.024,131.17]],"c":true},"ix":2},"nm":"Контур 1","mn":"ADBE Vector Shape - Group","hd":false},{"ty":"fl","c":{"a":0,"k":[0,0,0,1],"ix":4},"o":{"a":0,"k":100,"ix":5},"r":1,"bm":0,"nm":"Заливка 1","mn":"ADBE Vector Graphic - Fill","hd":false},{"ty":"tr","p":{"a":0,"k":[138.375,194.09],"ix":2},"a":{"a":0,"k":[0,0],"ix":1},"s":{"a":0,"k":[100,100],"ix":3},"r":{"a":0,"k":0,"ix":6},"o":{"a":0,"k":100,"ix":7},"sk":{"a":0,"k":0,"ix":4},"sa":{"a":0,"k":0,"ix":5},"nm":"Преобразовать"}],"nm":"Группа 1","np":2,"cix":2,"bm":0,"ix":1,"mn":"ADBE Vector Group","hd":false}],"ip":0,"op":15,"st":-15,"bm":0},{"ddd":0,"ind":5,"ty":4,"nm":"Кривые Слой 3","sr":1,"ks":{"o":{"a":0,"k":100,"ix":11},"r":{"a":0,"k":0,"ix":10},"p":{"a":1,"k":[{"t":10,"s":[248.109,228.689,0],"h":1},{"t":13,"s":[233.109,228.689,0],"h":1},{"t":15,"s":[248.109,228.689,0],"h":1},{"t":32,"s":[248.109,228.689,0],"h":1},{"t":35,"s":[233.109,228.689,0],"h":1},{"t":37,"s":[248.109,228.689,0],"h":1},{"t":55,"s":[248.109,228.689,0],"h":1},{"t":58,"s":[233.109,228.689,0],"h":1},{"t":60,"s":[248.109,228.689,0],"h":1},{"t":76,"s":[248.109,228.689,0],"h":1},{"t":79,"s":[233.109,228.689,0],"h":1},{"t":81,"s":[248.109,228.689,0],"h":1}],"ix":2},"a":{"a":0,"k":[152.865,204.55,0],"ix":1},"s":{"a":0,"k":[56.554,56.554,100],"ix":6}},"ao":0,"shapes":[{"ty":"gr","it":[{"ind":0,"ty":"sh","ix":1,"ks":{"a":0,"k":{"i":[[0,45.55],[0,0],[0,0],[0,0],[-21.39,-19.82],[-15.19,-4.93],[4.38,4.06]],"o":[[0,0],[0,0],[0,0],[0,45.55],[10.33,9.571],[-5.25,-3.21],[-21.4,-19.82]],"v":[[-56.965,95.34],[-56.965,-62.72],[-80.795,-62.72],[-80.795,84.49],[-48.705,182.54],[-10.425,204.3],[-24.875,193.39]],"c":true},"ix":2},"nm":"Контур 1","mn":"ADBE Vector Shape - Group","hd":false},{"ind":1,"ty":"sh","ix":2,"ks":{"a":0,"k":{"i":[[0,0],[0,0],[0,0],[0,0],[0,0],[0,0]],"o":[[0,0],[0,0],[0,0],[0,0],[0,0],[0,0]],"v":[[-152.615,-80.22],[-152.615,-73.57],[-123.635,-73.57],[0.895,-175.42],[0.895,-204.3],[-0.895,-204.3]],"c":true},"ix":2},"nm":"Контур 2","mn":"ADBE Vector Shape - Group","hd":false},{"ind":2,"ty":"sh","ix":3,"ks":{"a":0,"k":{"i":[[0,0],[0,0],[0,0],[0,0]],"o":[[0,0],[0,0],[0,0],[0,0]],"v":[[131.514,-134.14],[24.725,-134.14],[24.725,-123.28],[131.514,-123.28]],"c":true},"ix":2},"nm":"Контур 3","mn":"ADBE Vector Shape - Group","hd":false},{"ind":3,"ty":"sh","ix":4,"ks":{"a":0,"k":{"i":[[32.01,0],[5.37,0.98],[-8.7,-1.99],[-1.18,-0.22],[0,0],[-6.56,0],[-4.89,0.389],[-0.16,0.01],[-7.6,1.59],[-9.839,3.71],[-0.7,0.27],[0,0]],"o":[[-6.64,0],[5.01,4.81],[1.12,0.25],[0,0],[5.32,0.95],[4.93,0],[0.16,-0.021],[7.69,-0.62],[9.979,-2.07],[0.701,-0.26],[0,0],[-30.52,16.25]],"v":[[58.805,151.33],[40.785,149.87],[61.345,160.07],[64.795,160.77],[64.805,160.77],[82.625,162.19],[97.365,161.611],[97.845,161.57],[120.785,158.26],[150.514,149.59],[152.615,148.79],[152.615,126.96]],"c":true},"ix":2},"nm":"Контур 4","mn":"ADBE Vector Shape - Group","hd":false},{"ty":"mm","mm":1,"nm":"Объединить контуры 1","mn":"ADBE Vector Filter - Merge","hd":false},{"ty":"fl","c":{"a":0,"k":[0.411999990426,0.791999966491,0.816000007181,1],"ix":4},"o":{"a":0,"k":100,"ix":5},"r":1,"bm":0,"nm":"Заливка 1","mn":"ADBE Vector Graphic - Fill","hd":false},{"ty":"tr","p":{"a":0,"k":[152.865,204.55],"ix":2},"a":{"a":0,"k":[0,0],"ix":1},"s":{"a":0,"k":[100,100],"ix":3},"r":{"a":0,"k":0,"ix":6},"o":{"a":0,"k":100,"ix":7},"sk":{"a":0,"k":0,"ix":4},"sa":{"a":0,"k":0,"ix":5},"nm":"Преобразовать"}],"nm":"Группа 1","np":6,"cix":2,"bm":0,"ix":1,"mn":"ADBE Vector Group","hd":false}],"ip":0,"op":90,"st":0,"bm":0},{"ddd":0,"ind":6,"ty":4,"nm":"Кривые Слой 2","sr":1,"ks":{"o":{"a":0,"k":100,"ix":11},"r":{"a":0,"k":0,"ix":10},"p":{"a":1,"k":[{"t":7,"s":[261.94,236.524,0],"h":1},{"t":10,"s":[275.94,236.524,0],"h":1},{"t":13,"s":[261.94,236.524,0],"h":1},{"t":35,"s":[261.94,236.524,0],"h":1},{"t":38,"s":[275.94,236.524,0],"h":1},{"t":41,"s":[261.94,236.524,0],"h":1},{"t":53,"s":[261.94,236.524,0],"h":1},{"t":56,"s":[275.94,236.524,0],"h":1},{"t":59,"s":[261.94,236.524,0],"h":1},{"t":77,"s":[261.94,236.524,0],"h":1},{"t":80,"s":[275.94,236.524,0],"h":1},{"t":83,"s":[261.94,236.524,0],"h":1}],"ix":2},"a":{"a":0,"k":[152.865,208.535,0],"ix":1},"s":{"a":0,"k":[56.554,56.554,100],"ix":6}},"ao":0,"shapes":[{"ty":"gr","it":[{"ind":0,"ty":"sh","ix":1,"ks":{"a":0,"k":{"i":[[0,0],[0,0],[0,0],[0,0],[0,0]],"o":[[0,0],[0,0],[0,0],[0,0],[0,0]],"v":[[-152.615,-84.195],[-152.615,-77.555],[-104.625,-77.555],[-104.625,-88.405],[-147.465,-88.405]],"c":true},"ix":2},"nm":"Контур 1","mn":"ADBE Vector Shape - Group","hd":false},{"ind":1,"ty":"sh","ix":2,"ks":{"a":0,"k":{"i":[[0,0],[0,0],[0,0],[0,0],[0,0]],"o":[[0,0],[0,0],[0,0],[0,0],[0,0]],"v":[[0.895,-208.285],[-0.895,-208.285],[-22.935,-190.255],[-22.935,-148.975],[0.895,-148.975]],"c":true},"ix":2},"nm":"Контур 2","mn":"ADBE Vector Shape - Group","hd":false},{"ind":2,"ty":"sh","ix":3,"ks":{"a":0,"k":{"i":[[-13.5,-2.419],[1.311,2.051],[0,20.68],[0,0],[0,0],[0,0],[0,0],[0,0],[0,0],[0,0],[-7.63,-11.94]],"o":[[-1.771,-1.68],[-7.629,-11.93],[0,0],[0,0],[0,0],[0,0],[0,0],[0,0],[0,0],[0,20.679],[5.46,8.54]],"v":[[16.955,135.035],[12.344,129.435],[0.895,80.505],[0.895,-77.555],[131.514,-77.555],[131.514,-138.115],[107.684,-138.115],[107.684,-88.405],[-22.935,-88.405],[-22.935,69.656],[-11.485,118.585]],"c":true},"ix":2},"nm":"Контур 3","mn":"ADBE Vector Shape - Group","hd":false},{"ind":3,"ty":"sh","ix":4,"ks":{"a":0,"k":{"i":[[7.99,-3.111],[0.701,-0.26],[-0.7,0.27],[0,0],[19.891,-3.93],[16.75,0],[16.26,5.311],[-33.559,0],[-5.63,0.4],[-3.36,0.36],[-2.34,0.31],[-3.621,0.601],[-2.47,0.46],[-1.24,0.25],[-2.401,0.54],[-2.31,0.59],[-1.13,0.311],[-5.95,2.309],[-1.9,0.82],[-2.641,1.34],[0,0]],"o":[[-0.7,0.279],[0.701,-0.26],[0,0],[-14.07,7.139],[-19.91,3.94],[-21.82,0],[20.4,12.55],[5.311,0],[3.25,-0.22],[2.29,-0.25],[3.511,-0.46],[2.419,-0.399],[1.229,-0.24],[2.49,-0.49],[2.39,-0.541],[1.15,-0.299],[6.78,-1.849],[1.989,-0.771],[2.84,-1.23],[0,0],[-7.891,4.2]],"v":[[128.785,133.946],[126.684,134.755],[128.785,133.955],[128.785,174.906],[77.844,191.515],[22.855,197.425],[-34.255,189.465],[46.684,208.285],[63.085,207.685],[72.995,206.805],[79.934,205.975],[90.635,204.385],[97.955,203.095],[101.665,202.375],[108.995,200.826],[116.045,199.125],[119.465,198.215],[138.565,191.986],[144.395,189.605],[152.615,185.755],[152.615,122.975]],"c":true},"ix":2},"nm":"Контур 4","mn":"ADBE Vector Shape - Group","hd":false},{"ty":"mm","mm":1,"nm":"Объединить контуры 1","mn":"ADBE Vector Filter - Merge","hd":false},{"ty":"fl","c":{"a":0,"k":[0.933000033509,0.113999998803,0.328999986836,1],"ix":4},"o":{"a":0,"k":100,"ix":5},"r":1,"bm":0,"nm":"Заливка 1","mn":"ADBE Vector Graphic - Fill","hd":false},{"ty":"tr","p":{"a":0,"k":[152.865,208.535],"ix":2},"a":{"a":0,"k":[0,0],"ix":1},"s":{"a":0,"k":[100,100],"ix":3},"r":{"a":0,"k":0,"ix":6},"o":{"a":0,"k":100,"ix":7},"sk":{"a":0,"k":0,"ix":4},"sa":{"a":0,"k":0,"ix":5},"nm":"Преобразовать"}],"nm":"Группа 1","np":6,"cix":2,"bm":0,"ix":1,"mn":"ADBE Vector Group","hd":false}],"ip":0,"op":90,"st":0,"bm":0},{"ddd":0,"ind":7,"ty":4,"nm":"Кривые Слой 1","sr":1,"ks":{"o":{"a":0,"k":100,"ix":11},"r":{"a":0,"k":0,"ix":10},"p":{"a":1,"k":[{"t":12,"s":[262.817,275.933,0],"h":1},{"t":14,"s":[251.817,275.933,0],"h":1},{"t":16,"s":[262.817,275.933,0],"h":1},{"t":36,"s":[262.817,275.933,0],"h":1},{"t":38,"s":[251.817,275.933,0],"h":1},{"t":40,"s":[262.817,275.933,0],"h":1},{"t":54,"s":[262.817,275.933,0],"h":1},{"t":56,"s":[251.817,275.933,0],"h":1},{"t":58,"s":[262.817,275.933,0],"h":1},{"t":78,"s":[262.817,275.933,0],"h":1},{"t":80,"s":[251.817,275.933,0],"h":1},{"t":82,"s":[262.817,275.933,0],"h":1}],"ix":2},"a":{"a":0,"k":[409.242,372.125,0],"ix":1},"s":{"a":0,"k":[56.554,56.554,100],"ix":6}},"ao":0,"shapes":[{"ty":"gr","it":[{"ind":0,"ty":"sh","ix":1,"ks":{"a":0,"k":{"i":[[225.88,0],[0,-170.888],[-79.454,-56.445],[14.094,-79.105],[-96.344,29.603],[-57.009,0],[0,170.889]],"o":[[-225.879,0],[0,88.966],[-61.405,57.828],[58.027,-67.43],[49.304,15.943],[225.88,0],[0,-170.888]],"v":[[-0.001,-371.875],[-408.992,-62.455],[-279.892,163.137],[-397.303,371.875],[-160.593,222.188],[-0.001,246.966],[408.992,-62.455]],"c":true},"ix":2},"nm":"Контур 1","mn":"ADBE Vector Shape - Group","hd":false},{"ty":"fl","c":{"a":0,"k":[1,1,1,1],"ix":4},"o":{"a":0,"k":100,"ix":5},"r":1,"bm":0,"nm":"Заливка 1","mn":"ADBE Vector Graphic - Fill","hd":false},{"ty":"tr","p":{"a":0,"k":[409.242,372.125],"ix":2},"a":{"a":0,"k":[0,0],"ix":1},"s":{"a":0,"k":[100,100],"ix":3},"r":{"a":0,"k":0,"ix":6},"o":{"a":0,"k":100,"ix":7},"sk":{"a":0,"k":0,"ix":4},"sa":{"a":0,"k":0,"ix":5},"nm":"Преобразовать"}],"nm":"Группа 1","np":2,"cix":2,"bm":0,"ix":1,"mn":"ADBE Vector Group","hd":false}],"ip":0,"op":90,"st":0,"bm":0}],"markers":[]}